{
  "interactionModel": {
    "languageModel": {
      "intents": [
        {
          "name": "AMAZON.CancelIntent",
          "samples": []
        },
        {
          "name": "AMAZON.HelpIntent",
          "samples": []
        },
        {
          "name": "AMAZON.StopIntent",
          "samples": []
        },
        {
          "slots": [],
          "name": "HelloWorldIntent",
          "samples": [
            "hello",
            "how are you",
            "say hi world",
            "say hi",
            "hi",
            "say hello world",
            "say hello"
          ]
        },
        {
          "name": "AMAZON.NavigateHomeIntent",
          "samples": []
        },
        {
          "name": "AMAZON.FallbackIntent",
          "samples": []
        },
        {
          "slots": [],
          "name": "HeartRateIntent",
          "samples": [
            "i need to know my heart rate",
            "heart rate",
            "what is my heart rate",
            "give me my heart rate"
          ]
        },
        {
          "slots": [],
          "name": "StepCountIntent",
          "samples": [
            "i need to know my step count",
            "what is my step count",
            "step count",
            "give me my step count"
          ]
        },
        {
          "slots": [],
          "name": "EnvIntent",
          "samples": [
            "how is the indoor climate",
            "indoor climate",
            "what is the indoor climate"
          ]
        },
        {
          "slots": [],
          "name": "PoseIntent",
          "samples": [
            "what is my pose",
            "pose",
            "what pose am i in"
          ]
        },
        {
          "slots": [
            {
              "name": "DATE_SLOT",
              "type": "AMAZON.DATE"
            }
          ],
          "name": "SleepIntent",
          "samples": [
            "how was my sleep on {DATE_SLOT}",
            "how was my sleep last night"
          ]
        },
        {
          "slots": [
            {
              "name": "DATE_SLOT",
              "type": "AMAZON.DATE"
            }
          ],
          "name": "ActivityIntent",
          "samples": [
            "how active was i on {DATE_SLOT}",
            "How active am i"
          ]
        },
        {
          "slots": [],
          "name": "CheckupBeginIntent",
          "samples": [
            "daily check-up",
            "do the daily check-up",
            "check-up"
          ]
        },
        {
          "slots": [],
          "name": "FineIntent",
          "samples": [
            "I\u0027m doing fine",
            "fine",
            "I feel fine",
            "okay",
            "I feel okay",
            "good",
            "I feel good",
            "healthy",
            "I feel healthy",
            "great",
            "I feel great",
            "I\u0027m doing great"
          ]
        },
        {
          "slots": [],
          "name": "PainIntent",
          "samples": [
            "pain",
            "sore",
            "I am in pain",
            "I am injured",
            "injured",
            "hurt",
            "I\u0027m hurt",
            "I feel hurt"
          ]
        },
        {
          "slots": [],
          "name": "TiredIntent",
          "samples": [
            "headache",
            "exhausted",
            " I feel exhausted",
            "I\u0027m tired",
            "tired",
            "I feel tired",
            "dizzy",
            "I feel dizzy",
            "I\u0027m dizzy",
            "I feel lightheaded",
            "lightheaded",
            "I\u0027m lightheaded",
            "thirsty",
            "I\u0027m thirsty",
            "hungry",
            "I\u0027m hungry",
            "I\u0027m feeling hungry"
          ]
        },
        {
          "name": "AMAZON.YesIntent",
          "samples": []
        },
        {
          "name": "AMAZON.NoIntent",
          "samples": []
        }
      ],
      "types": [],
      "invocationName": "my final project"
    }
  }
}